id,name,vendor,cores,architecture,l3_mb,tdp_default_w,socket,socket_count,memory_channels,memory_speed_mts,specrate_1p,specrate_1p_note,price_list_usd,price_street_usd,price_note,source,confidence
epyc-9645,AMD EPYC 9645,AMD,96,Zen 5c,256,320.0,SP5,1P/2P,12,6400.0,1004.0,"median of 6 published 1-chip int_base results, range 892-1080, newest 2025-11-17",11048.0,,,sources#amd-epyc-specs,MEASURED
epyc-9745,AMD EPYC 9745,AMD,128,Zen 5c,256,400.0,SP5,1P/2P,12,6400.0,1155.0,"median of 10 published 1-chip int_base results, range 1070-1270, newest 2025-11-17",12141.0,,,sources#amd-epyc-specs,MEASURED
epyc-9825,AMD EPYC 9825,AMD,144,Zen 5c,384,390.0,SP5,1P/2P,12,6400.0,1240.0,"median of 10 published 1-chip int_base results, range 1130-1370, newest 2026-01-06",13006.0,,,sources#amd-epyc-specs,MEASURED
epyc-9845,AMD EPYC 9845,AMD,160,Zen 5c,320,390.0,SP5,1P/2P,12,6400.0,1250.0,"median of 16 published 1-chip int_base results, range 973-1360, newest 2026-04-02",13564.0,,,sources#amd-epyc-specs,MEASURED
epyc-9965,AMD EPYC 9965,AMD,192,Zen 5c,384,500.0,SP5,1P/2P,12,6400.0,1525.0,"median of 12 published 1-chip int_base results, range 1260-1630, newest 2025-11-20",14813.0,,,sources#amd-epyc-specs,MEASURED
epyc-9015,AMD EPYC 9015,AMD,8,Zen 5,64,125.0,SP5,1P/2P,12,6400.0,118.0,"median of 16 published 1-chip int_base results, range 113-123, newest 2026-03-03",527.0,,,sources#amd-epyc-specs,MEASURED
epyc-9115,AMD EPYC 9115,AMD,16,Zen 5,64,125.0,SP5,1P/2P,12,6400.0,220.0,"median of 9 published 1-chip int_base results, range 193-233, newest 2026-03-12",726.0,,,sources#amd-epyc-specs,MEASURED
epyc-9135,AMD EPYC 9135,AMD,16,Zen 5,64,200.0,SP5,1P/2P,12,6400.0,232.5,"median of 14 published 1-chip int_base results, range 224-246, newest 2026-02-06",1214.0,,,sources#amd-epyc-specs,MEASURED
epyc-9175f,AMD EPYC 9175F,AMD,16,Zen 5,512,320.0,SP5,1P/2P,12,6400.0,298.0,"median of 9 published 1-chip int_base results, range 269-311, newest 2025-11-17",4256.0,,,sources#amd-epyc-specs,MEASURED
epyc-9255,AMD EPYC 9255,AMD,24,Zen 5,128,200.0,SP5,1P/2P,12,6400.0,348.0,"median of 11 published 1-chip int_base results, range 327-371, newest 2026-02-06",2495.0,,,sources#amd-epyc-specs,MEASURED
epyc-9275f,AMD EPYC 9275F,AMD,24,Zen 5,256,320.0,SP5,1P/2P,12,6400.0,388.0,"median of 10 published 1-chip int_base results, range 351-415, newest 2026-03-23",3439.0,,,sources#amd-epyc-specs,MEASURED
epyc-9335,AMD EPYC 9335,AMD,32,Zen 5,128,210.0,SP5,1P/2P,12,6400.0,439.0,"median of 15 published 1-chip int_base results, range 410-485, newest 2026-04-03",3178.0,,,sources#amd-epyc-specs,MEASURED
epyc-9355p,AMD EPYC 9355P,AMD,32,Zen 5,256,280.0,SP5,1P,12,6400.0,470.5,"median of 18 published 1-chip int_base results, range 440-490, newest 2026-02-23",2998.0,,,sources#amd-epyc-specs,MEASURED
epyc-9355,AMD EPYC 9355,AMD,32,Zen 5,256,280.0,SP5,1P/2P,12,6400.0,477.5,"median of 10 published 1-chip int_base results, range 458-506, newest 2026-03-03",3694.0,,,sources#amd-epyc-specs,MEASURED
epyc-9375f,AMD EPYC 9375F,AMD,32,Zen 5,256,320.0,SP5,1P/2P,12,6400.0,505.5,"median of 16 published 1-chip int_base results, range 454-535, newest 2025-12-30",5306.0,,,sources#amd-epyc-specs,MEASURED
epyc-9365,AMD EPYC 9365,AMD,36,Zen 5,192,300.0,SP5,1P/2P,12,6400.0,492.0,"median of 7 published 1-chip int_base results, range 473-541, newest 2026-01-12",4341.0,,,sources#amd-epyc-specs,MEASURED
epyc-9455p,AMD EPYC 9455P,AMD,48,Zen 5,256,300.0,SP5,1P,12,6400.0,624.5,"median of 10 published 1-chip int_base results, range 580-668, newest 2025-11-03",4819.0,,,sources#amd-epyc-specs,MEASURED
epyc-9455,AMD EPYC 9455,AMD,48,Zen 5,256,300.0,SP5,1P/2P,12,6400.0,628.0,"median of 8 published 1-chip int_base results, range 617-702, newest 2026-02-20",5412.0,,,sources#amd-epyc-specs,MEASURED
epyc-9475f,AMD EPYC 9475F,AMD,48,Zen 5,256,400.0,SP5,1P/2P,12,6400.0,681.0,"median of 11 published 1-chip int_base results, range 593-735, newest 2025-11-30",7592.0,,,sources#amd-epyc-specs,MEASURED
epyc-9535,AMD EPYC 9535,AMD,64,Zen 5,256,300.0,SP5,1P/2P,12,6400.0,721.0,"median of 9 published 1-chip int_base results, range 655-830, newest 2026-01-12",8992.0,,,sources#amd-epyc-specs,MEASURED
epyc-9555p,AMD EPYC 9555P,AMD,64,Zen 5,256,360.0,SP5,1P,12,6400.0,812.5,"median of 14 published 1-chip int_base results, range 728-864, newest 2026-04-06",7983.0,,,sources#amd-epyc-specs,MEASURED
epyc-9555,AMD EPYC 9555,AMD,64,Zen 5,256,360.0,SP5,1P/2P,12,6400.0,812.5,"median of 8 published 1-chip int_base results, range 797-883, newest 2025-10-20",9826.0,,,sources#amd-epyc-specs,MEASURED
epyc-9575f,AMD EPYC 9575F,AMD,64,Zen 5,256,400.0,SP5,1P/2P,12,6400.0,811.0,"median of 13 published 1-chip int_base results, range 770-881, newest 2026-01-06",11791.0,,,sources#amd-epyc-specs,MEASURED
epyc-9565,AMD EPYC 9565,AMD,72,Zen 5,384,400.0,SP5,1P/2P,12,6400.0,864.0,"median of 5 published 1-chip int_base results, range 763-952, newest 2025-12-01",10468.0,,,sources#amd-epyc-specs,MEASURED
epyc-9655p,AMD EPYC 9655P,AMD,96,Zen 5,384,400.0,SP5,1P,12,6400.0,993.0,"median of 11 published 1-chip int_base results, range 930-1040, newest 2025-11-17",10811.0,5346,"IT Creations, new tray",sources#amd-epyc-specs,MEASURED
epyc-9655,AMD EPYC 9655,AMD,96,Zen 5,384,400.0,SP5,1P/2P,12,6400.0,1030.0,"median of 9 published 1-chip int_base results, range 991-1110, newest 2025-10-20",11852.0,,,sources#amd-epyc-specs,MEASURED
epyc-9755,AMD EPYC 9755,AMD,128,Zen 5,512,500.0,SP5,1P/2P,12,6400.0,1260.0,"median of 7 published 1-chip int_base results, range 853-1410, newest 2025-11-17",12984.0,,,sources#amd-epyc-specs,MEASURED
epyc-8025p,AMD EPYC 8025P,AMD,8,Zen 5,64,95.0,SP6,1P,6,6400.0,117.0,"median of 1 published 1-chip int_base result, range 117-117, newest 2026-07-10",529.0,,,sources#amd-epyc-specs,MEASURED
epyc-8125p,AMD EPYC 8125P,AMD,16,Zen 5,64,125.0,SP6,1P,6,6400.0,224.0,"median of 1 published 1-chip int_base result, range 224-224, newest 2026-07-10",799.0,,,sources#amd-epyc-specs,MEASURED
epyc-8225p,AMD EPYC 8225P,AMD,24,Zen 5,128,160.0,SP6,1P,6,6400.0,328.0,"median of 1 published 1-chip int_base result, range 328-328, newest 2026-07-25",1079.0,,,sources#amd-epyc-specs,MEASURED
epyc-8325p,AMD EPYC 8325P,AMD,32,Zen 5,256,175.0,SP6,1P,6,6400.0,413.0,"median of 3 published 1-chip int_base results, range 384-418, newest 2026-07-25",2299.0,,,sources#amd-epyc-specs,MEASURED
epyc-8435p,AMD EPYC 8435P,AMD,48,Zen 5,256,200.0,SP6,1P,6,6400.0,528.0,"median of 1 published 1-chip int_base result, range 528-528, newest 2026-06-12",3099.0,,,sources#amd-epyc-specs,MEASURED
epyc-8535p,AMD EPYC 8535P,AMD,64,Zen 5,256,210.0,SP6,1P,6,6400.0,614.0,"median of 3 published 1-chip int_base results, range 599-616, newest 2026-06-12",5499.0,,,sources#amd-epyc-specs,MEASURED
epyc-8635p,AMD EPYC 8635P,AMD,84,Zen 5,384,225.0,SP6,1P,6,6400.0,666.0,"median of 2 published 1-chip int_base results, range 665-667, newest 2026-04-17",5799.0,,,sources#amd-epyc-specs,MEASURED
epyc-4245p,AMD EPYC 4245P,AMD,6,Zen 5,32,65.0,AM5,1P,2,5600.0,96.65,"median of 2 published 1-chip int_base results, range 96.6-96.7, newest 2025-04-19",239.0,,,sources#amd-epyc-specs,MEASURED
epyc-4345p,AMD EPYC 4345P,AMD,8,Zen 5,32,65.0,AM5,1P,2,5600.0,119.0,"median of 1 published 1-chip int_base result, range 119-119, newest 2025-04-07",329.0,,,sources#amd-epyc-specs,MEASURED
epyc-4565p,AMD EPYC 4565P,AMD,16,Zen 5,64,170.0,AM5,1P,2,5600.0,205.0,"median of 1 published 1-chip int_base result, range 205-205, newest 2025-04-19",589.0,,,sources#amd-epyc-specs,MEASURED
epyc-4585px,AMD EPYC 4585PX,AMD,16,Zen 5,128,170.0,AM5,1P,2,5600.0,213.0,"median of 1 published 1-chip int_base result, range 213-213, newest 2025-04-19",699.0,,,sources#amd-epyc-specs,MEASURED
epyc-4124p,AMD EPYC 4124P,AMD,4,Zen 4,16,65.0,AM5,1P,2,5200.0,58.9,"median of 1 published 1-chip int_base result, range 58.9-58.9, newest 2024-12-16",149.0,,,sources#amd-epyc-specs,MEASURED
epyc-4244p,AMD EPYC 4244P,AMD,6,Zen 4,32,65.0,AM5,1P,2,5200.0,84.30000000000001,"median of 2 published 1-chip int_base results, range 83.4-85.2, newest 2024-12-16",229.0,,,sources#amd-epyc-specs,MEASURED
epyc-4344p,AMD EPYC 4344P,AMD,8,Zen 4,32,65.0,AM5,1P,2,5200.0,103.0,"median of 3 published 1-chip int_base results, range 102-105, newest 2024-12-16",329.0,,,sources#amd-epyc-specs,MEASURED
epyc-4364p,AMD EPYC 4364P,AMD,8,Zen 4,32,105.0,AM5,1P,2,5200.0,105.0,"median of 1 published 1-chip int_base result, range 105-105, newest 2024-04-22",399.0,,,sources#amd-epyc-specs,MEASURED
epyc-4464p,AMD EPYC 4464P,AMD,12,Zen 4,64,65.0,AM5,1P,2,5200.0,137.0,"median of 4 published 1-chip int_base results, range 133-147, newest 2024-10-21",429.0,,,sources#amd-epyc-specs,MEASURED
epyc-4484px,AMD EPYC 4484PX,AMD,12,Zen 4,128,120.0,AM5,1P,2,5200.0,148.0,"median of 1 published 1-chip int_base result, range 148-148, newest 2024-04-22",599.0,,,sources#amd-epyc-specs,MEASURED
epyc-4564p,AMD EPYC 4564P,AMD,16,Zen 4,64,170.0,AM5,1P,2,5200.0,173.5,"median of 2 published 1-chip int_base results, range 172-175, newest 2024-05-08",699.0,,,sources#amd-epyc-specs,MEASURED
epyc-4584px,AMD EPYC 4584PX,AMD,16,Zen 4,128,120.0,AM5,1P,2,5200.0,180.0,"median of 1 published 1-chip int_base result, range 180-180, newest 2024-04-22",699.0,,,sources#amd-epyc-specs,MEASURED
epyc-8024p,AMD EPYC 8024P,AMD,8,Zen 4,32,90.0,SP6,1P,6,4800.0,74.7,"median of 5 published 1-chip int_base results, range 74.6-78, newest 2024-11-04",409.0,,,sources#amd-epyc-specs,MEASURED
epyc-8024pn,AMD EPYC 8024PN,AMD,8,Zen 4,32,80.0,SP6,1P,6,4800.0,76.19999999999999,"median of 4 published 1-chip int_base results, range 74.4-79.7, newest 2025-12-01",525.0,,,sources#amd-epyc-specs,MEASURED
epyc-8124p,AMD EPYC 8124P,AMD,16,Zen 4,64,125.0,SP6,1P,6,4800.0,147.0,"median of 4 published 1-chip int_base results, range 147-154, newest 2024-10-21",639.0,,,sources#amd-epyc-specs,MEASURED
epyc-8124pn,AMD EPYC 8124PN,AMD,16,Zen 4,64,100.0,SP6,1P,6,4800.0,154.0,"median of 3 published 1-chip int_base results, range 147-158, newest 2025-12-01",790.0,,,sources#amd-epyc-specs,MEASURED
epyc-8224p,AMD EPYC 8224P,AMD,24,Zen 4,64,160.0,SP6,1P,6,4800.0,209.0,"median of 6 published 1-chip int_base results, range 208-223, newest 2024-10-21",855.0,,,sources#amd-epyc-specs,MEASURED
epyc-8224pn,AMD EPYC 8224PN,AMD,24,Zen 4,64,120.0,SP6,1P,6,4800.0,222.0,"median of 3 published 1-chip int_base results, range 208-226, newest 2025-12-15",1015.0,,,sources#amd-epyc-specs,MEASURED
epyc-8324p,AMD EPYC 8324P,AMD,32,Zen 4,128,180.0,SP6,1P,6,4800.0,277.0,"median of 5 published 1-chip int_base results, range 276-298, newest 2024-11-04",1895.0,,,sources#amd-epyc-specs,MEASURED
epyc-8324pn,AMD EPYC 8324PN,AMD,32,Zen 4,128,130.0,SP6,1P,6,4800.0,297.0,"median of 3 published 1-chip int_base results, range 275-300, newest 2025-12-15",2125.0,,,sources#amd-epyc-specs,MEASURED
epyc-8434p,AMD EPYC 8434P,AMD,48,Zen 4,128,200.0,SP6,1P,6,4800.0,391.0,"median of 6 published 1-chip int_base results, range 389-423, newest 2024-11-04",2700.0,,,sources#amd-epyc-specs,MEASURED
epyc-8434pn,AMD EPYC 8434PN,AMD,48,Zen 4,128,155.0,SP6,1P,6,4800.0,405.0,"median of 3 published 1-chip int_base results, range 375-406, newest 2025-12-01",3150.0,,,sources#amd-epyc-specs,MEASURED
epyc-8534p,AMD EPYC 8534P,AMD,64,Zen 4,128,200.0,SP6,1P,6,4800.0,475.5,"median of 6 published 1-chip int_base results, range 474-513, newest 2024-09-23",4950.0,,,sources#amd-epyc-specs,MEASURED
epyc-8534pn,AMD EPYC 8534PN,AMD,64,Zen 4,128,175.0,SP6,1P,6,4800.0,454.0,"median of 4 published 1-chip int_base results, range 439-473, newest 2025-12-01",5450.0,,,sources#amd-epyc-specs,MEASURED
epyc-9124,AMD EPYC 9124,AMD,16,Zen 4,64,200.0,SP5,1P/2P,12,4800.0,177.0,"median of 14 published 1-chip int_base results, range 168-180, newest 2024-10-18",1083.0,,,sources#amd-epyc-specs,MEASURED
epyc-9224,AMD EPYC 9224,AMD,24,Zen 4,64,200.0,SP5,1P/2P,12,4800.0,254.0,"median of 12 published 1-chip int_base results, range 250-258, newest 2024-05-06",1825.0,,,sources#amd-epyc-specs,MEASURED
epyc-9254,AMD EPYC 9254,AMD,24,Zen 4,128,220.0,SP5,1P/2P,12,4800.0,293.0,"median of 15 published 1-chip int_base results, range 287-299, newest 2024-05-06",2299.0,,,sources#amd-epyc-specs,MEASURED
epyc-9334,AMD EPYC 9334,AMD,32,Zen 4,128,210.0,SP5,1P/2P,12,4800.0,361.0,"median of 13 published 1-chip int_base results, range 328-367, newest 2024-10-18",2990.0,,,sources#amd-epyc-specs,MEASURED
epyc-9354,AMD EPYC 9354,AMD,32,Zen 4,256,280.0,SP5,1P/2P,12,4800.0,372.0,"median of 9 published 1-chip int_base results, range 370-398, newest 2025-07-18",3420.0,,,sources#amd-epyc-specs,MEASURED
epyc-9354p,AMD EPYC 9354P,AMD,32,Zen 4,256,280.0,SP5,1P,12,4800.0,371.0,"median of 16 published 1-chip int_base results, range 365-398, newest 2025-02-25",2730.0,,,sources#amd-epyc-specs,MEASURED
epyc-9174f,AMD EPYC 9174F,AMD,16,Zen 4,256,320.0,SP5,1P/2P,12,4800.0,221.0,"median of 12 published 1-chip int_base results, range 218-224, newest 2024-04-22",3850.0,,,sources#amd-epyc-specs,MEASURED
epyc-9184x,AMD EPYC 9184X,AMD,16,Zen 4,768,320.0,SP5,1P/2P,12,4800.0,231.5,"median of 6 published 1-chip int_base results, range 228-239, newest 2025-05-27",4928.0,,,sources#amd-epyc-specs,MEASURED
epyc-9274f,AMD EPYC 9274F,AMD,24,Zen 4,256,320.0,SP5,1P/2P,12,4800.0,316.0,"median of 11 published 1-chip int_base results, range 310-320, newest 2024-05-20",3060.0,,,sources#amd-epyc-specs,MEASURED
epyc-9374f,AMD EPYC 9374F,AMD,32,Zen 4,256,320.0,SP5,1P/2P,12,4800.0,408.0,"median of 10 published 1-chip int_base results, range 402-415, newest 2024-07-01",4860.0,,,sources#amd-epyc-specs,MEASURED
epyc-9384x,AMD EPYC 9384X,AMD,32,Zen 4,768,320.0,SP5,1P/2P,12,4800.0,408.0,"median of 5 published 1-chip int_base results, range 404-411, newest 2024-07-01",5529.0,,,sources#amd-epyc-specs,MEASURED
epyc-9474f,AMD EPYC 9474F,AMD,48,Zen 4,256,360.0,SP5,1P/2P,12,4800.0,554.0,"median of 11 published 1-chip int_base results, range 547-588, newest 2025-04-23",6780.0,,,sources#amd-epyc-specs,MEASURED
epyc-9454,AMD EPYC 9454,AMD,48,Zen 4,256,290.0,SP5,1P/2P,12,4800.0,523.0,"median of 6 published 1-chip int_base results, range 517-534, newest 2024-07-09",5225.0,,,sources#amd-epyc-specs,MEASURED
epyc-9454p,AMD EPYC 9454P,AMD,48,Zen 4,256,290.0,SP5,1P,12,4800.0,521.0,"median of 15 published 1-chip int_base results, range 510-540, newest 2025-02-25",4598.0,,,sources#amd-epyc-specs,MEASURED
epyc-9534,AMD EPYC 9534,AMD,64,Zen 4,256,280.0,SP5,1P/2P,12,4800.0,608.0,"median of 13 published 1-chip int_base results, range 598-661, newest 2024-08-27",8803.0,,,sources#amd-epyc-specs,MEASURED
epyc-9554,AMD EPYC 9554,AMD,64,Zen 4,256,360.0,SP5,1P/2P,12,4800.0,656.0,"median of 14 published 1-chip int_base results, range 576-728, newest 2025-07-18",9087.0,,,sources#amd-epyc-specs,MEASURED
epyc-9554p,AMD EPYC 9554P,AMD,64,Zen 4,256,360.0,SP5,1P,12,4800.0,656.0,"median of 15 published 1-chip int_base results, range 641-705, newest 2025-04-23",7104.0,,,sources#amd-epyc-specs,MEASURED
epyc-9634,AMD EPYC 9634,AMD,84,Zen 4,384,290.0,SP5,1P/2P,12,4800.0,700.0,"median of 12 published 1-chip int_base results, range 681-834, newest 2025-05-27",10304.0,,,sources#amd-epyc-specs,MEASURED
epyc-9654,AMD EPYC 9654,AMD,96,Zen 4,384,360.0,SP5,1P/2P,12,4800.0,840.0,"median of 22 published 1-chip int_base results, range 659-991, newest 2025-07-18",11805.0,,,sources#amd-epyc-specs,MEASURED
epyc-9654p,AMD EPYC 9654P,AMD,96,Zen 4,384,360.0,SP5,1P,12,4800.0,833.5,"median of 16 published 1-chip int_base results, range 673-861, newest 2025-04-23",10625.0,5350,"IT Creations, new tray; a second listing of the same part at $5,450",sources#amd-epyc-specs,MEASURED
epyc-9684x,AMD EPYC 9684X,AMD,96,Zen 4,1152,400.0,SP5,1P/2P,12,4800.0,888.0,"median of 12 published 1-chip int_base results, range 819-964, newest 2025-10-14",14756.0,,,sources#amd-epyc-specs,MEASURED
epyc-9734,AMD EPYC 9734,AMD,112,Zen 4,256,340.0,SP5,1P/2P,12,4800.0,848.0,"median of 11 published 1-chip int_base results, range 846-874, newest 2024-04-22",9600.0,,,sources#amd-epyc-specs,MEASURED
epyc-9754,AMD EPYC 9754,AMD,128,Zen 4,256,360.0,SP5,1P/2P,12,4800.0,941.0,"median of 19 published 1-chip int_base results, range 760-1050, newest 2025-08-22",11900.0,,,sources#amd-epyc-specs,MEASURED
xeon-6724p,Intel Xeon 6724P,Intel,16,Granite Rapids (P-core),72,210.0,LGA4710,8S,8,6400.0,203.0,"median of 2 published 1-chip int_base results, range 202-204, newest 2025-06-30",3622.0,,,sources#intel-xeon6-specs,MEASURED
xeon-6760p,Intel Xeon 6760P,Intel,64,Granite Rapids (P-core),320,330.0,LGA4710,2S,8,6400.0,650.0,"median of 4 published 1-chip int_base results, range 643-651, newest 2026-07-10",7803.0,,,sources#intel-xeon6-specs,MEASURED
xeon-6740p,Intel Xeon 6740P,Intel,48,Granite Rapids (P-core),288,270.0,LGA4710,2S,8,6400.0,495.0,"median of 3 published 1-chip int_base results, range 495-497, newest 2026-06-12",4650.0,,,sources#intel-xeon6-specs,MEASURED
xeon-6530p,Intel Xeon 6530P,Intel,32,Granite Rapids (P-core),144,225.0,LGA4710,2S,8,6400.0,363.0,"median of 3 published 1-chip int_base results, range 363-367, newest 2026-05-15",2234.0,,,sources#intel-xeon6-specs,MEASURED
xeon-6520p,Intel Xeon 6520P,Intel,24,Granite Rapids (P-core),144,210.0,LGA4710,2S,8,6400.0,261.0,"median of 3 published 1-chip int_base results, range 261-265, newest 2026-05-15",1295.0,,,sources#intel-xeon6-specs,MEASURED
xeon-6515p,Intel Xeon 6515P,Intel,16,Granite Rapids (P-core),72,150.0,LGA4710,2S,8,6400.0,190.0,"median of 3 published 1-chip int_base results, range 190-192, newest 2026-05-01",740.0,,,sources#intel-xeon6-specs,MEASURED
xeon-6505p,Intel Xeon 6505P,Intel,12,Granite Rapids (P-core),48,150.0,LGA4710,2S,8,6400.0,145.0,"median of 6 published 1-chip int_base results, range 145-147, newest 2026-05-26",563.0,,,sources#intel-xeon6-specs,MEASURED
xeon-6787p,Intel Xeon 6787P,Intel,86,Granite Rapids (P-core),336,350.0,LGA4710,2S,8,6400.0,796.0,"median of 3 published 1-chip int_base results, range 786-811, newest 2026-04-06",10400.0,,,sources#intel-xeon6-specs,MEASURED
xeon-6767p,Intel Xeon 6767P,Intel,64,Granite Rapids (P-core),336,350.0,LGA4710,2S,8,6400.0,674.5,"median of 6 published 1-chip int_base results, range 621-677, newest 2026-07-25",9595.0,,,sources#intel-xeon6-specs,MEASURED
xeon-6747p,Intel Xeon 6747P,Intel,48,Granite Rapids (P-core),288,350.0,LGA4710,2S,8,6400.0,546.5,"median of 4 published 1-chip int_base results, range 544-547, newest 2026-07-10",6497.0,,,sources#intel-xeon6-specs,MEASURED
xeon-6745p,Intel Xeon 6745P,Intel,32,Granite Rapids (P-core),336,300.0,LGA4710,2S,8,6400.0,405.0,"median of 3 published 1-chip int_base results, range 404-406, newest 2026-07-25",5250.0,,,sources#intel-xeon6-specs,MEASURED
xeon-6737p,Intel Xeon 6737P,Intel,32,Granite Rapids (P-core),144,270.0,LGA4710,2S,8,6400.0,385.0,"median of 5 published 1-chip int_base results, range 383-387, newest 2026-06-12",4995.0,,,sources#intel-xeon6-specs,MEASURED
xeon-6736p,Intel Xeon 6736P,Intel,36,Granite Rapids (P-core),144,205.0,LGA4710,2S,8,6400.0,381.0,"median of 3 published 1-chip int_base results, range 380-384, newest 2026-05-27",3351.0,,,sources#intel-xeon6-specs,MEASURED
xeon-6732p,Intel Xeon 6732P,Intel,32,Granite Rapids (P-core),144,350.0,LGA4710,2S,8,6400.0,382.0,"median of 1 published 1-chip int_base result, range 382-382, newest 2026-07-10",5295.0,,,sources#intel-xeon6-specs,MEASURED
xeon-6730p,Intel Xeon 6730P,Intel,32,Granite Rapids (P-core),288,250.0,LGA4710,2S,8,6400.0,366.0,"median of 4 published 1-chip int_base results, range 364-367, newest 2026-07-25",3726.0,,,sources#intel-xeon6-specs,MEASURED
xeon-6527p,Intel Xeon 6527P,Intel,24,Granite Rapids (P-core),144,250.0,LGA4710,2S,8,6400.0,300.0,"median of 5 published 1-chip int_base results, range 298-307, newest 2026-05-15",2872.0,,,sources#intel-xeon6-specs,MEASURED
xeon-6517p,Intel Xeon 6517P,Intel,16,Granite Rapids (P-core),72,190.0,LGA4710,2S,8,6400.0,197.0,"median of 7 published 1-chip int_base results, range 197-207, newest 2026-06-29",1195.0,,,sources#intel-xeon6-specs,MEASURED
xeon-6507p,Intel Xeon 6507P,Intel,8,Granite Rapids (P-core),48,150.0,LGA4710,2S,8,6400.0,106.0,"median of 5 published 1-chip int_base results, range 105-108, newest 2026-05-01",765.0,,,sources#intel-xeon6-specs,MEASURED
xeon-6781p,Intel Xeon 6781P,Intel,80,Granite Rapids (P-core),336,350.0,LGA4710,1S,8,6400.0,749.0,"median of 18 published 1-chip int_base results, range 695-775, newest 2026-07-10",8960.0,,,sources#intel-xeon6-specs,MEASURED
xeon-6774p,Intel Xeon 6774P,Intel,64,Granite Rapids (P-core),336,350.0,LGA4710,1S,8,6400.0,518.5,"median of 2 published 1-chip int_base results, range 518-519, newest 2026-05-01",,,,sources#intel-xeon6-specs,MEASURED
xeon-6761p,Intel Xeon 6761P,Intel,64,Granite Rapids (P-core),336,350.0,LGA4710,1S,8,6400.0,676.5,"median of 18 published 1-chip int_base results, range 619-700, newest 2026-07-25",6570.0,,,sources#intel-xeon6-specs,MEASURED
xeon-6741p,Intel Xeon 6741P,Intel,48,Granite Rapids (P-core),288,300.0,LGA4710,1S,8,6400.0,533.5,"median of 14 published 1-chip int_base results, range 513-552, newest 2026-07-25",4421.0,,,sources#intel-xeon6-specs,MEASURED
xeon-6731p,Intel Xeon 6731P,Intel,32,Granite Rapids (P-core),144,245.0,LGA4710,1S,8,6400.0,375.0,"median of 12 published 1-chip int_base results, range 364-380, newest 2026-05-27",2700.0,,,sources#intel-xeon6-specs,MEASURED
xeon-6521p,Intel Xeon 6521P,Intel,24,Granite Rapids (P-core),144,225.0,LGA4710,1S,8,6400.0,298.0,"median of 14 published 1-chip int_base results, range 288-307, newest 2026-07-25",1250.0,,,sources#intel-xeon6-specs,MEASURED
xeon-6511p,Intel Xeon 6511P,Intel,16,Granite Rapids (P-core),72,150.0,LGA4710,1S,8,6400.0,199.0,"median of 13 published 1-chip int_base results, range 191-204, newest 2026-07-28",815.0,,,sources#intel-xeon6-specs,MEASURED
xeon-6980p,Intel Xeon 6980P,Intel,128,Granite Rapids (P-core),504,500.0,LGA7529,2S,12,6400.0,1220.0,"median of 5 published 1-chip int_base results, range 1220-1230, newest 2024-12-16",17800.0,,,sources#intel-xeon6-specs,MEASURED
xeon-6979p,Intel Xeon 6979P,Intel,120,Granite Rapids (P-core),504,500.0,LGA7529,2S,12,6400.0,1150.0,"median of 1 published 1-chip int_base result, range 1150-1150, newest 2024-10-08",15750.0,,,sources#intel-xeon6-specs,MEASURED
xeon-6972p,Intel Xeon 6972P,Intel,96,Granite Rapids (P-core),480,500.0,LGA7529,2S,12,6400.0,1010.0,"median of 1 published 1-chip int_base result, range 1010-1010, newest 2024-10-08",14600.0,,,sources#intel-xeon6-specs,MEASURED
xeon-6962p,Intel Xeon 6962P,Intel,72,Granite Rapids (P-core),432,500.0,LGA7529,2S,12,6400.0,849.0,"median of 1 published 1-chip int_base result, range 849-849, newest 2026-05-18",9925.0,,,sources#intel-xeon6-specs,MEASURED
xeon-6960p,Intel Xeon 6960P,Intel,72,Granite Rapids (P-core),432,500.0,LGA7529,2S,12,6400.0,838.0,"median of 1 published 1-chip int_base result, range 838-838, newest 2024-10-08",13750.0,,,sources#intel-xeon6-specs,MEASURED
xeon-6952p,Intel Xeon 6952P,Intel,96,Granite Rapids (P-core),480,400.0,LGA7529,2S,12,6400.0,969.0,"median of 1 published 1-chip int_base result, range 969-969, newest 2026-01-12",11400.0,,,sources#intel-xeon6-specs,MEASURED
xeon-6710e,Intel Xeon 6710E,Intel,64,Sierra Forest (E-core),96,205.0,LGA4710,2S,8,5600.0,352.0,"median of 5 published 1-chip int_base results, range 349-353, newest 2025-06-30",2199.0,,,sources#intel-xeon6-specs,MEASURED
xeon-6731e,Intel Xeon 6731E,Intel,96,Sierra Forest (E-core),96,250.0,LGA4710,1S,8,5600.0,493.5,"median of 6 published 1-chip int_base results, range 484-510, newest 2025-11-17",3297.0,,,sources#intel-xeon6-specs,MEASURED
xeon-6740e,Intel Xeon 6740E,Intel,96,Sierra Forest (E-core),96,250.0,LGA4710,2S,8,6400.0,511.0,"median of 4 published 1-chip int_base results, range 502-514, newest 2025-07-25",3949.0,,,sources#intel-xeon6-specs,MEASURED
xeon-6746e,Intel Xeon 6746E,Intel,112,Sierra Forest (E-core),96,250.0,LGA4710,2S,8,5600.0,517.0,"median of 3 published 1-chip int_base results, range 516-518, newest 2025-07-25",4447.0,,,sources#intel-xeon6-specs,MEASURED
xeon-6756e,Intel Xeon 6756E,Intel,128,Sierra Forest (E-core),96,225.0,LGA4710,2S,8,6400.0,573.0,"median of 3 published 1-chip int_base results, range 564-575, newest 2025-07-25",6320.0,,,sources#intel-xeon6-specs,MEASURED
xeon-6766e,Intel Xeon 6766E,Intel,144,Sierra Forest (E-core),108,250.0,LGA4710,2S,8,6400.0,646.0,"median of 4 published 1-chip int_base results, range 636-665, newest 2025-07-25",7692.0,,,sources#intel-xeon6-specs,MEASURED
xeon-6780e,Intel Xeon 6780E,Intel,144,Sierra Forest (E-core),108,330.0,LGA4710,2S,8,6400.0,697.0,"median of 5 published 1-chip int_base results, range 691-712, newest 2025-06-30",8513.0,,,sources#intel-xeon6-specs,MEASURED
xeon-6990e-plus,Intel Xeon 6990E+,Intel,288,Clearwater Forest (E-core),576,450,LGA7529,2S,12,8000,1405.0,"median of 2 published 1-chip int_base results, range 1400-1410, newest 2026-06-02",,,Clearwater Forest launch coverage; Intel ships 6990E+ in 450W and 330W variants and the SPEC submission does not say which was run,sources#intel-xeon6-specs,MEASURED
xeon-6980e-plus,Intel Xeon 6980E+,Intel,264,Clearwater Forest (E-core),528,400,LGA7529,2S,12,8000,1285.0,"median of 2 published 1-chip int_base results, range 1280-1290, newest 2026-06-02",,,also offered in a 300W variant,sources#intel-xeon6-specs,MEASURED
xeon-6970e-plus,Intel Xeon 6970E+,Intel,192,Clearwater Forest (E-core),480,400,LGA7529,2S,12,8000,1060.0,"median of 2 published 1-chip int_base results, range 1060-1060, newest 2026-06-02",,,,sources#intel-xeon6-specs,MEASURED
xeon-6978p,Intel Xeon 6978P,Intel,120,Granite Rapids (P-core),,,LGA7529,2S,12,6400,1140.0,"median of 1 published 1-chip int_base result, range 1140-1140, newest 2026-04-30",,,"SPEC result exists; no TDP or list price transcribed yet, so it cannot be placed",sources#intel-xeon6-specs,MEASURED
ampereone-a192-32x,Ampere AmpereOne A192-32X,Ampere,192,AmpereOne (Arm),64,400,FCLGA5964,1P,12,5600,702.0,"median of 1 published 1-chip int_base result, range 702-702, newest 2024-07-29",5555,,"Ampere quotes 400W usage power on a SPEC integer workload; one retailer lists the same part at 276W, which is not reconciled",sources#ampere-specs,MEASURED
